alpha,sommet,google,backspace
0.50,0,0.24242422,0.19047632
0.50,1,0.45454552,0.52380945
0.50,2,0.30303026,0.28571423
0.70,0,0.21528528,0.15709251
0.70,1,0.49407964,0.50254107
0.70,2,0.29063508,0.34036643
0.85,0,0.19757959,0.10468521
0.85,1,0.52086930,0.49402304
0.85,2,0.28155111,0.40129175
0.90,0,0.19212292,0.07788537
0.90,1,0.52929888,0.49374847
0.90,2,0.27857820,0.42836616
0.99,0,0.18281360,0.00973219
0.99,1,0.54387995,0.49882595
0.99,2,0.27330645,0.49144186
