alpha,sommet,google,backspace,diff
0.5,9467,6.458e-05,0.00599508,0.0059305
0.5,6211,0.00117963,0.0048941,0.00371447
0.5,9611,6.468e-05,0.0036838,0.00361912
0.5,8390,0.00060484,0.00335884,0.002754
0.5,2263,0.0054395,0.00390425,0.0015352499999999997
0.5,2213,0.00035507,0.00153744,0.0011823699999999999
0.5,8656,6.514e-05,0.00123049,0.0011653500000000001
0.5,5180,0.0005166,0.00167039,0.00115379
0.5,5119,0.00032676,0.00145766,0.0011309
0.5,9886,8.422e-05,0.00111437,0.0010301499999999999
